    ,Issue key  ,Status   ,Resolution       ,Created         ,Fix Versions Combined                       ,Affects Versions Combined
  0 ,HIVE-22412 ,Closed   ,Fixed            ,28/Oct/19 09:42 ,4.0.0-alpha-1                               ,"1.2.1, 2.0.0, 3.0.0"
  1 ,HIVE-22196 ,Resolved ,Fixed            ,11/Sep/19 17:30 ,                                            ,"1.2.1, 2.0.0, 3.1.2"
  2 ,HIVE-21157 ,Resolved ,Won't Fix        ,24/Jan/19 01:22 ,                                            ,2.0.0
  3 ,HIVE-21033 ,Closed   ,Fixed            ,12/Dec/18 13:05 ,4.0.0-alpha-1                               ,"2.0.0, 3.0.0"
  4 ,HIVE-20345 ,Closed   ,Fixed            ,09/Aug/18 01:36 ,4.0.0-alpha-1                               ,"1.3.0, 2.0.0"
  5 ,HIVE-18742 ,Closed   ,Fixed            ,17/Feb/18 01:30 ,3.0.0                                       ,2.0.0
  6 ,HIVE-18735 ,Closed   ,Fixed            ,16/Feb/18 20:45 ,4.0.0-alpha-1                               ,2.0.0
  7 ,HIVE-18624 ,Closed   ,Fixed            ,05/Feb/18 16:45 ,"2.4.0, 3.1.2, 3.2.0, 4.0.0-alpha-1"        ,"2.0.0, 2.3.2, 3.0.0"
  8 ,HIVE-18250 ,Closed   ,Fixed            ,07/Dec/17 23:31 ,3.0.0                                       ,"2.0.0, 2.1.0, 2.2.0, 2.3.0"
  9 ,HIVE-18090 ,Closed   ,Fixed            ,17/Nov/17 08:18 ,3.0.0                                       ,"1.3.0, 2.0.0"
 10 ,HIVE-17368 ,Closed   ,Fixed            ,22/Aug/17 01:27 ,"2.4.0, 3.0.0"                              ,"1.1.0, 2.0.0, 2.1.0, 2.2.0"
 11 ,HIVE-17126 ,Resolved ,Not A Problem    ,19/Jul/17 16:23 ,                                            ,"1.1.0, 1.2.0, 2.0.0"
 12 ,HIVE-16769 ,Closed   ,Fixed            ,26/May/17 14:10 ,3.0.0                                       ,2.0.0
 13 ,HIVE-16654 ,Closed   ,Fixed            ,11/May/17 20:41 ,3.0.0                                       ,2.0.0
 14 ,HIVE-16507 ,Closed   ,Fixed            ,21/Apr/17 22:10 ,3.0.0                                       ,"2.0.0, 2.2.0, 2.3.0"
 15 ,HIVE-16450 ,Closed   ,Fixed            ,14/Apr/17 13:59 ,3.0.0                                       ,2.0.0
 16 ,HIVE-16385 ,Closed   ,Fixed            ,05/Apr/17 18:06 ,"2.3.0, 3.0.0"                              ,"2.0.0, 2.1.0"
 17 ,HIVE-15769 ,Closed   ,Fixed            ,31/Jan/17 17:55 ,2.2.0                                       ,"2.0.0, 2.1.0"
 18 ,HIVE-15766 ,Resolved ,Fixed            ,31/Jan/17 11:56 ,2.3.0                                       ,"2.0.0, 2.1.1"
 19 ,HIVE-15756 ,Resolved ,Not A Bug        ,30/Jan/17 21:01 ,                                            ,2.0.0
 20 ,HIVE-15752 ,Closed   ,Fixed            ,30/Jan/17 17:46 ,2.2.0                                       ,"1.2.0, 1.2.1, 2.0.0, 2.1.0, 2.1.1"
 21 ,HIVE-15517 ,Closed   ,Fixed            ,27/Dec/16 11:26 ,2.2.0                                       ,"1.2.1, 2.0.0, 2.1.0"
 22 ,HIVE-15329 ,Resolved ,Fixed            ,01/Dec/16 14:52 ,2.3.0                                       ,"2.0.0, 2.1.0"
 23 ,HIVE-15311 ,Closed   ,Fixed            ,29/Nov/16 23:52 ,2.2.0                                       ,"1.2.0, 2.0.0, 2.1.0"
 24 ,HIVE-15297 ,Closed   ,Fixed            ,28/Nov/16 21:44 ,2.2.0                                       ,"2.0.0, 2.1.0"
 25 ,HIVE-15247 ,Resolved ,Fixed            ,18/Nov/16 23:37 ,2.3.0                                       ,"1.2.1, 2.0.0, 2.1.0"
 26 ,HIVE-15234 ,Closed   ,Fixed            ,17/Nov/16 20:03 ,2.2.0                                       ,"2.0.0, 2.1.0"
 27 ,HIVE-15160 ,Closed   ,Fixed            ,08/Nov/16 18:42 ,3.0.0                                       ,"2.0.0, 2.1.0, 2.2.0, 2.3.0"
 28 ,HIVE-15110 ,Resolved ,Duplicate        ,02/Nov/16 04:50 ,                                            ,"2.0.0, 2.1.0"
 29 ,HIVE-15096 ,Resolved ,Fixed            ,29/Oct/16 03:00 ,2.3.0                                       ,"2.0.0, 2.0.1, 2.1.0"
 30 ,HIVE-15054 ,Resolved ,Fixed            ,25/Oct/16 15:53 ,2.3.0                                       ,2.0.0
 31 ,HIVE-14742 ,Resolved ,Duplicate        ,13/Sep/16 13:52 ,                                            ,2.0.0
 32 ,HIVE-14620 ,Resolved ,Invalid          ,24/Aug/16 19:05 ,                                            ,"2.0.0, 2.1.0"
 33 ,HIVE-14393 ,Closed   ,Fixed            ,31/Jul/16 00:41 ,"2.1.1, 2.2.0"                              ,"2.0.0, 2.1.0"
 34 ,HIVE-14367 ,Closed   ,Fixed            ,28/Jul/16 02:20 ,2.2.0                                       ,"2.0.0, 2.1.0"
 35 ,HIVE-14342 ,Closed   ,Fixed            ,26/Jul/16 18:16 ,"2.1.1, 2.2.0"                              ,2.0.0
 36 ,HIVE-14324 ,Closed   ,Fixed            ,25/Jul/16 08:23 ,"2.1.1, 2.2.0"                              ,"1.3.0, 2.0.0, 2.1.0, 2.2.0"
 37 ,HIVE-14322 ,Closed   ,Fixed            ,24/Jul/16 06:42 ,"2.0.2, 2.1.1, 2.2.0"                       ,"2.0.0, 2.0.1, 2.1.0"
 38 ,HIVE-14296 ,Closed   ,Fixed            ,20/Jul/16 19:22 ,"2.1.1, 2.2.0"                              ,2.0.0
 39 ,HIVE-14251 ,Closed   ,Fixed            ,15/Jul/16 18:25 ,2.2.0                                       ,2.0.0
 40 ,HIVE-14241 ,Closed   ,Fixed            ,14/Jul/16 20:04 ,"1.3.0, 2.1.1, 2.2.0"                       ,"1.3.0, 2.0.0"
 41 ,HIVE-14236 ,Closed   ,Fixed            ,14/Jul/16 04:42 ,"2.1.1, 2.2.0"                              ,"2.0.0, 2.1.0"
 42 ,HIVE-14229 ,Closed   ,Fixed            ,13/Jul/16 20:03 ,2.2.0                                       ,2.0.0
 43 ,HIVE-14210 ,Closed   ,Fixed            ,11/Jul/16 23:58 ,"1.2.2, 1.3.0, 2.1.1, 2.2.0"                ,"1.2.1, 2.0.0, 2.1.0"
 44 ,HIVE-14153 ,Closed   ,Fixed            ,01/Jul/16 23:51 ,"1.3.0, 2.1.1, 2.2.0"                       ,"1.2.1, 2.0.0, 2.0.1, 2.1.0"
 45 ,HIVE-14133 ,Resolved ,Duplicate        ,29/Jun/16 22:50 ,                                            ,"2.0.0, 2.1.0"
 46 ,HIVE-14132 ,Closed   ,Fixed            ,29/Jun/16 22:48 ,"2.1.1, 2.2.0"                              ,"2.0.0, 2.1.0"
 47 ,HIVE-14038 ,Closed   ,Fixed            ,16/Jun/16 18:45 ,"1.3.0, 2.1.1, 2.2.0"                       ,2.0.0
 48 ,HIVE-14015 ,Closed   ,Fixed            ,14/Jun/16 23:47 ,"2.1.0, 2.2.0"                              ,"1.1.0, 2.0.0"
 49 ,HIVE-14006 ,Closed   ,Fixed            ,13/Jun/16 20:32 ,2.1.0                                       ,2.0.0
 50 ,HIVE-13989 ,Resolved ,Fixed            ,10/Jun/16 00:47 ,"2.2.1, 2.3.0"                              ,"1.2.1, 2.0.0"
 51 ,HIVE-13932 ,Closed   ,Fixed            ,02/Jun/16 21:45 ,"1.3.0, 2.1.1, 2.2.0"                       ,"1.0.0, 2.0.0"
 52 ,HIVE-13858 ,Closed   ,Fixed            ,26/May/16 01:41 ,2.1.0                                       ,2.0.0
 53 ,HIVE-13844 ,Closed   ,Fixed            ,25/May/16 09:58 ,2.1.0                                       ,2.0.0
 54 ,HIVE-13837 ,Closed   ,Fixed            ,24/May/16 23:13 ,2.1.0                                       ,2.0.0
 55 ,HIVE-13833 ,Closed   ,Fixed            ,24/May/16 17:51 ,"1.3.0, 2.1.0"                              ,"2.0.0, 2.1.0"
 56 ,HIVE-13829 ,Resolved ,Not A Problem    ,24/May/16 07:22 ,                                            ,2.0.0
 57 ,HIVE-13813 ,Resolved ,Fixed            ,20/May/16 21:54 ,2.3.0                                       ,"1.3.0, 2.0.0"
 58 ,HIVE-13809 ,Closed   ,Fixed            ,20/May/16 17:55 ,"2.1.1, 2.2.0"                              ,"2.0.0, 2.1.0"
 59 ,HIVE-13768 ,Resolved ,Not A Problem    ,16/May/16 18:13 ,                                            ,2.0.0
 60 ,HIVE-13756 ,Closed   ,Fixed            ,13/May/16 09:20 ,2.2.0                                       ,"1.2.1, 2.0.0"
 61 ,HIVE-13754 ,Closed   ,Fixed            ,13/May/16 01:17 ,2.2.0                                       ,"1.2.1, 2.0.0"
 62 ,HIVE-13725 ,Closed   ,Fixed            ,10/May/16 00:45 ,"1.3.0, 2.1.1, 2.2.0"                       ,"1.2.1, 2.0.0"
 63 ,HIVE-13704 ,Closed   ,Fixed            ,06/May/16 11:25 ,"2.1.1, 2.2.0"                              ,"1.3.0, 2.0.0"
 64 ,HIVE-13699 ,Closed   ,Fixed            ,05/May/16 22:14 ,2.1.0                                       ,2.0.0
 65 ,HIVE-13693 ,Closed   ,Fixed            ,05/May/16 17:40 ,2.1.0                                       ,"1.3.0, 2.0.0, 2.1.0"
 66 ,HIVE-13676 ,Closed   ,Fixed            ,03/May/16 08:15 ,2.1.0                                       ,"1.2.0, 2.0.0"
 67 ,HIVE-13619 ,Closed   ,Fixed            ,26/Apr/16 22:48 ,2.1.0                                       ,"2.0.0, 2.1.0"
 68 ,HIVE-13618 ,Closed   ,Fixed            ,26/Apr/16 22:43 ,2.1.0                                       ,2.0.0
 69 ,HIVE-13608 ,Closed   ,Fixed            ,25/Apr/16 21:12 ,2.1.0                                       ,2.0.0
 70 ,HIVE-13602 ,Closed   ,Fixed            ,25/Apr/16 04:07 ,2.1.0                                       ,"1.2.2, 2.0.0"
 71 ,HIVE-13570 ,Closed   ,Fixed            ,21/Apr/16 00:51 ,2.1.0                                       ,2.0.0
 72 ,HIVE-13561 ,Closed   ,Fixed            ,20/Apr/16 21:41 ,2.1.0                                       ,"1.2.0, 1.2.1, 2.0.0"
 73 ,HIVE-13553 ,Closed   ,Fixed            ,20/Apr/16 01:04 ,2.1.0                                       ,2.0.0
 74 ,HIVE-13542 ,Closed   ,Fixed            ,18/Apr/16 23:10 ,2.1.0                                       ,2.0.0
 75 ,HIVE-13523 ,Closed   ,Fixed            ,14/Apr/16 23:07 ,"2.0.1, 2.1.0"                              ,2.0.0
 76 ,HIVE-13512 ,Closed   ,Fixed            ,14/Apr/16 02:54 ,2.1.0                                       ,2.0.0
 77 ,HIVE-13463 ,Closed   ,Fixed            ,08/Apr/16 20:04 ,"2.0.1, 2.1.0"                              ,2.0.0
 78 ,HIVE-13456 ,Resolved ,Fixed            ,07/Apr/16 20:33 ,                                            ,"1.2.1, 2.0.0"
 79 ,HIVE-13452 ,Resolved ,Fixed            ,07/Apr/16 02:08 ,2.3.0                                       ,"1.0.0, 1.1.0, 1.2.0, 2.0.0, 2.1.0"
 80 ,HIVE-13440 ,Closed   ,Fixed            ,06/Apr/16 22:37 ,2.1.0                                       ,"1.2.1, 2.0.0"
 81 ,HIVE-13439 ,Closed   ,Fixed            ,06/Apr/16 21:20 ,2.1.0                                       ,"1.2.1, 2.0.0"
 82 ,HIVE-13428 ,Closed   ,Fixed            ,05/Apr/16 20:53 ,"2.0.1, 2.1.0"                              ,2.0.0
 83 ,HIVE-13423 ,Closed   ,Fixed            ,05/Apr/16 13:49 ,2.2.0                                       ,2.0.0
 84 ,HIVE-13410 ,Closed   ,Fixed            ,02/Apr/16 01:22 ,2.1.0                                       ,2.0.0
 85 ,HIVE-13408 ,Resolved ,Invalid          ,01/Apr/16 23:58 ,                                            ,2.0.0
 86 ,HIVE-13405 ,Closed   ,Fixed            ,01/Apr/16 17:16 ,"1.3.0, 2.0.1, 2.1.0"                       ,2.0.0
 87 ,HIVE-13395 ,Closed   ,Fixed            ,31/Mar/16 00:57 ,"1.3.0, 2.1.0"                              ,"1.2.0, 2.0.0"
 88 ,HIVE-13394 ,Closed   ,Fixed            ,31/Mar/16 00:54 ,"1.2.2, 2.0.1, 2.1.0"                       ,"1.2.1, 2.0.0"
 89 ,HIVE-13390 ,Closed   ,Fixed            ,30/Mar/16 22:07 ,"1.2.2, 1.3.0, 2.0.1, 2.1.0"                ,"1.2.1, 2.0.0"
 90 ,HIVE-13383 ,Closed   ,Fixed            ,30/Mar/16 07:11 ,2.2.0                                       ,"2.0.0, 2.1.0"
 91 ,HIVE-13381 ,Closed   ,Fixed            ,30/Mar/16 02:01 ,2.1.0                                       ,"1.0.0, 1.1.0, 1.2.0, 2.0.0"
 92 ,HIVE-13373 ,Closed   ,Fixed            ,29/Mar/16 01:35 ,2.1.0                                       ,"1.0.0, 1.1.0, 1.2.0, 2.0.0"
 93 ,HIVE-13361 ,Closed   ,Fixed            ,24/Mar/16 22:00 ,"1.3.0, 2.0.1, 2.1.0"                       ,"1.3.0, 2.0.0, 2.1.0"
 94 ,HIVE-13335 ,Resolved ,Fixed            ,23/Mar/16 01:25 ,2.3.0                                       ,"1.3.0, 2.0.0"
 95 ,HIVE-13333 ,Closed   ,Fixed            ,23/Mar/16 00:34 ,2.1.0                                       ,2.0.0
 96 ,HIVE-13330 ,Closed   ,Fixed            ,22/Mar/16 20:29 ,"1.3.0, 2.0.1, 2.1.0"                       ,"1.3.0, 2.0.0, 2.1.0"
 97 ,HIVE-13326 ,Closed   ,Fixed            ,21/Mar/16 23:18 ,2.1.0                                       ,2.0.0
 98 ,HIVE-13320 ,Closed   ,Fixed            ,21/Mar/16 19:14 ,2.1.0                                       ,"1.2.1, 1.3.0, 2.0.0, 2.1.0"
 99 ,HIVE-13300 ,Closed   ,Fixed            ,17/Mar/16 20:37 ,2.1.0                                       ,2.0.0
100 ,HIVE-13299 ,Closed   ,Fixed            ,17/Mar/16 18:26 ,"2.0.1, 2.1.0"                              ,2.0.0
101 ,HIVE-13293 ,Closed   ,Fixed            ,16/Mar/16 06:17 ,2.1.0                                       ,2.0.0
102 ,HIVE-13286 ,Closed   ,Fixed            ,15/Mar/16 01:06 ,"2.0.1, 2.1.0"                              ,2.0.0
103 ,HIVE-13285 ,Closed   ,Fixed            ,15/Mar/16 00:29 ,"1.3.0, 2.0.1, 2.1.0"                       ,"0.14.0, 1.0.0, 1.1.0, 1.2.0, 1.3.0, 2.0.0, 2.1.0"
104 ,HIVE-13280 ,Resolved ,Invalid          ,14/Mar/16 16:52 ,                                            ,2.0.0
105 ,HIVE-13261 ,Closed   ,Fixed            ,10/Mar/16 22:58 ,2.1.0                                       ,"1.0.0, 1.1.0, 2.0.0"
106 ,HIVE-13260 ,Closed   ,Fixed            ,10/Mar/16 21:12 ,2.1.0                                       ,2.0.0
107 ,HIVE-13240 ,Closed   ,Fixed            ,09/Mar/16 02:29 ,"1.3.0, 2.0.1, 2.1.0"                       ,"1.2.1, 1.3.0, 2.0.0"
108 ,HIVE-13236 ,Closed   ,Fixed            ,08/Mar/16 21:51 ,"2.0.1, 2.1.0"                              ,2.0.0
109 ,HIVE-13235 ,Resolved ,Duplicate        ,08/Mar/16 21:26 ,                                            ,2.0.0
110 ,HIVE-13225 ,Resolved ,Invalid          ,08/Mar/16 03:28 ,                                            ,"2.0.0, 2.1.0"
111 ,HIVE-13217 ,Closed   ,Fixed            ,07/Mar/16 18:50 ,2.1.0                                       ,"1.2.1, 2.0.0"
112 ,HIVE-13216 ,Closed   ,Fixed            ,07/Mar/16 05:51 ,"1.3.0, 2.1.0"                              ,"1.2.0, 1.2.1, 2.0.0"
113 ,HIVE-13201 ,Closed   ,Fixed            ,03/Mar/16 19:22 ,"1.3.0, 2.1.0"                              ,2.0.0
114 ,HIVE-13200 ,Closed   ,Fixed            ,03/Mar/16 16:29 ,"1.3.0, 2.0.1, 2.1.0"                       ,"1.0.0, 2.0.0"
115 ,HIVE-13191 ,Closed   ,Fixed            ,01/Mar/16 19:29 ,"1.3.0, 2.1.1, 2.2.0"                       ,"2.0.0, 2.1.0"
116 ,HIVE-13186 ,Closed   ,Fixed            ,29/Feb/16 22:53 ,"1.3.0, 2.1.0"                              ,2.0.0
117 ,HIVE-13175 ,Closed   ,Fixed            ,27/Feb/16 01:26 ,"1.3.0, 2.1.0"                              ,2.0.0
118 ,HIVE-13174 ,Closed   ,Fixed            ,26/Feb/16 23:34 ,"1.3.0, 2.1.0"                              ,2.0.0
119 ,HIVE-13169 ,Closed   ,Fixed            ,26/Feb/16 06:56 ,2.1.0                                       ,"1.2.1, 2.0.0"
120 ,HIVE-13163 ,Closed   ,Fixed            ,26/Feb/16 01:26 ,2.1.0                                       ,"2.0.0, 2.1.0"
121 ,HIVE-13159 ,Closed   ,Fixed            ,25/Feb/16 22:20 ,2.2.0                                       ,2.0.0
122 ,HIVE-13151 ,Closed   ,Fixed            ,24/Feb/16 23:04 ,"1.3.0, 2.0.1, 2.1.0"                       ,2.0.0
123 ,HIVE-13144 ,Closed   ,Fixed            ,24/Feb/16 14:04 ,"1.3.0, 2.0.1, 2.1.0"                       ,"1.2.1, 2.0.0"
124 ,HIVE-13141 ,Closed   ,Fixed            ,24/Feb/16 07:54 ,2.1.0                                       ,"1.2.0, 2.0.0"
125 ,HIVE-13134 ,Closed   ,Fixed            ,24/Feb/16 03:04 ,"2.0.1, 2.1.0"                              ,"2.0.0, 2.0.1, 2.1.0"
126 ,HIVE-13126 ,Closed   ,Fixed            ,23/Feb/16 19:03 ,"2.0.1, 2.1.0"                              ,2.0.0
127 ,HIVE-13108 ,Closed   ,Fixed            ,20/Feb/16 02:52 ,"1.3.0, 2.0.1, 2.1.0"                       ,"1.2.1, 1.3.0, 2.0.0, 2.0.1"
128 ,HIVE-13105 ,Closed   ,Fixed            ,20/Feb/16 01:47 ,"2.0.1, 2.1.0"                              ,2.0.0
129 ,HIVE-13101 ,Closed   ,Fixed            ,19/Feb/16 22:06 ,2.1.0                                       ,2.0.0
130 ,HIVE-13096 ,Closed   ,Fixed            ,19/Feb/16 14:41 ,2.1.0                                       ,"2.0.0, 2.1.0"
131 ,HIVE-13094 ,Closed   ,Fixed            ,19/Feb/16 08:33 ,2.1.0                                       ,"2.0.0, 2.1.0"
132 ,HIVE-13083 ,Closed   ,Fixed            ,18/Feb/16 06:33 ,"1.3.0, 2.0.1, 2.1.0"                       ,"0.13.0, 0.14.0, 1.0.0, 1.1.0, 1.2.0, 1.3.0, 2.0.0, 2.1.0"
133 ,HIVE-13082 ,Closed   ,Fixed            ,18/Feb/16 05:22 ,"1.3.0, 2.1.0"                              ,2.0.0
134 ,HIVE-13071 ,Resolved ,Fixed            ,17/Feb/16 10:25 ,                                            ,2.0.0
135 ,HIVE-13065 ,Closed   ,Fixed            ,16/Feb/16 21:11 ,"1.3.0, 2.1.0"                              ,"1.1.0, 2.0.0"
136 ,HIVE-13062 ,Closed   ,Fixed            ,15/Feb/16 19:33 ,2.1.0                                       ,"2.0.0, 2.1.0"
137 ,HIVE-13042 ,Closed   ,Fixed            ,11/Feb/16 16:34 ,"1.3.0, 2.1.0"                              ,"1.3.0, 2.0.0, 2.1.0"
138 ,HIVE-13039 ,Closed   ,Fixed            ,10/Feb/16 21:06 ,"1.3.0, 2.1.0"                              ,"1.2.1, 2.0.0"
139 ,HIVE-13036 ,Closed   ,Fixed            ,10/Feb/16 20:38 ,"2.0.1, 2.1.0"                              ,"2.0.0, 2.1.0"
140 ,HIVE-13032 ,Closed   ,Fixed            ,09/Feb/16 22:14 ,2.0.0                                       ,"2.0.0, 2.1.0"
141 ,HIVE-13024 ,Closed   ,Fixed            ,08/Feb/16 20:52 ,2.0.0                                       ,2.0.0
142 ,HIVE-13023 ,Resolved ,Cannot Reproduce ,08/Feb/16 20:50 ,                                            ,2.0.0
143 ,HIVE-12999 ,Closed   ,Fixed            ,04/Feb/16 03:29 ,"1.3.0, 2.1.0"                              ,"1.2.0, 1.3.0, 2.0.0, 2.1.0"
144 ,HIVE-12996 ,Closed   ,Fixed            ,03/Feb/16 23:08 ,"1.3.0, 2.1.0"                              ,2.0.0
145 ,HIVE-12993 ,Closed   ,Fixed            ,03/Feb/16 19:46 ,2.1.0                                       ,"2.0.0, 2.1.0"
146 ,HIVE-12992 ,Closed   ,Fixed            ,03/Feb/16 19:23 ,"1.2.2, 2.0.1, 2.1.0"                       ,"1.2.1, 2.0.0"
147 ,HIVE-12981 ,Closed   ,Fixed            ,02/Feb/16 12:01 ,"1.2.2, 1.3.0, 2.1.0"                       ,"1.2.1, 2.0.0"
148 ,HIVE-12964 ,Closed   ,Fixed            ,29/Jan/16 20:05 ,2.0.0                                       ,"2.0.0, 2.1.0"
149 ,HIVE-12947 ,Closed   ,Fixed            ,27/Jan/16 22:23 ,2.0.0                                       ,2.0.0
150 ,HIVE-12945 ,Closed   ,Fixed            ,27/Jan/16 19:08 ,2.0.0                                       ,2.0.0
151 ,HIVE-12937 ,Closed   ,Fixed            ,26/Jan/16 23:19 ,"1.2.2, 1.3.0, 2.0.1, 2.1.0"                ,"1.2.1, 1.3.0, 2.0.0, 2.1.0"
152 ,HIVE-12933 ,Closed   ,Fixed            ,26/Jan/16 18:51 ,2.1.0                                       ,"2.0.0, 2.1.0"
153 ,HIVE-12931 ,Closed   ,Fixed            ,26/Jan/16 16:00 ,2.0.0                                       ,2.0.0
154 ,HIVE-12927 ,Closed   ,Fixed            ,26/Jan/16 02:31 ,2.1.0                                       ,2.0.0
155 ,HIVE-12926 ,Closed   ,Fixed            ,26/Jan/16 00:59 ,2.0.0                                       ,2.0.0
156 ,HIVE-12911 ,Closed   ,Fixed            ,22/Jan/16 11:24 ,2.0.0                                       ,"2.0.0, 2.1.0"
157 ,HIVE-12909 ,Closed   ,Fixed            ,22/Jan/16 02:18 ,"1.3.0, 2.1.0"                              ,"1.2.1, 2.0.0"
158 ,HIVE-12905 ,Closed   ,Fixed            ,21/Jan/16 20:13 ,2.0.0                                       ,"1.0.1, 1.2.1, 2.0.0"
159 ,HIVE-12904 ,Closed   ,Fixed            ,21/Jan/16 19:45 ,2.0.0                                       ,2.0.0
160 ,HIVE-12896 ,Resolved ,Duplicate        ,20/Jan/16 22:30 ,                                            ,2.0.0
161 ,HIVE-12893 ,Closed   ,Fixed            ,20/Jan/16 03:05 ,"1.3.0, 2.0.0"                              ,"1.3.0, 2.0.0"
162 ,HIVE-12879 ,Closed   ,Fixed            ,15/Jan/16 17:52 ,2.0.0                                       ,"2.0.0, 2.1.0"
163 ,HIVE-12864 ,Closed   ,Fixed            ,13/Jan/16 19:17 ,2.0.0                                       ,"2.0.0, 2.1.0"
164 ,HIVE-12826 ,Closed   ,Fixed            ,09/Jan/16 13:29 ,2.0.0                                       ,"1.3.0, 2.0.0, 2.1.0"
165 ,HIVE-12824 ,Closed   ,Fixed            ,09/Jan/16 01:45 ,2.0.0                                       ,2.0.0
166 ,HIVE-12820 ,Closed   ,Fixed            ,08/Jan/16 23:48 ,2.0.0                                       ,"2.0.0, 2.1.0"
167 ,HIVE-12815 ,Closed   ,Fixed            ,08/Jan/16 21:49 ,"1.3.0, 2.0.0"                              ,2.0.0
168 ,HIVE-12809 ,Closed   ,Fixed            ,08/Jan/16 02:52 ,2.0.0                                       ,"2.0.0, 2.1.0"
169 ,HIVE-12808 ,Closed   ,Fixed            ,07/Jan/16 23:42 ,2.1.0                                       ,"1.2.1, 2.0.0"
170 ,HIVE-12800 ,Closed   ,Fixed            ,07/Jan/16 18:00 ,2.0.0                                       ,"2.0.0, 2.1.0"
171 ,HIVE-12797 ,Closed   ,Fixed            ,06/Jan/16 23:01 ,2.0.0                                       ,2.0.0
172 ,HIVE-12786 ,Closed   ,Fixed            ,06/Jan/16 01:59 ,2.0.0                                       ,2.0.0
173 ,HIVE-12784 ,Closed   ,Fixed            ,05/Jan/16 19:52 ,"1.3.0, 2.1.0"                              ,2.0.0
174 ,HIVE-12768 ,Closed   ,Fixed            ,31/Dec/15 02:27 ,2.0.0                                       ,2.0.0
175 ,HIVE-12767 ,Resolved ,Won't Fix        ,30/Dec/15 23:59 ,                                            ,"1.2.1, 2.0.0"
176 ,HIVE-12766 ,Closed   ,Fixed            ,30/Dec/15 23:44 ,2.0.0                                       ,2.0.0
177 ,HIVE-12762 ,Closed   ,Fixed            ,30/Dec/15 16:53 ,2.0.0                                       ,"2.0.0, 2.1.0"
178 ,HIVE-12758 ,Closed   ,Fixed            ,29/Dec/15 23:04 ,2.0.0                                       ,"2.0.0, 2.1.0"
179 ,HIVE-12743 ,Closed   ,Fixed            ,24/Dec/15 03:57 ,2.0.0                                       ,"2.0.0, 2.1.0"
180 ,HIVE-12741 ,Closed   ,Fixed            ,24/Dec/15 00:55 ,"1.3.0, 2.0.0"                              ,"2.0.0, 2.1.0"
181 ,HIVE-12740 ,Closed   ,Fixed            ,23/Dec/15 20:05 ,2.0.0                                       ,2.0.0
182 ,HIVE-12735 ,Closed   ,Fixed            ,23/Dec/15 00:23 ,"1.3.0, 2.0.0"                              ,"1.3.0, 2.0.0, 2.1.0"
183 ,HIVE-12734 ,Closed   ,Fixed            ,22/Dec/15 23:56 ,"2.2.1, 3.0.0"                              ,"1.2.1, 2.0.0, 2.2.0, 3.0.0"
184 ,HIVE-12728 ,Closed   ,Fixed            ,22/Dec/15 06:51 ,2.0.0                                       ,"2.0.0, 2.1.0"
185 ,HIVE-12726 ,Closed   ,Fixed            ,22/Dec/15 02:52 ,2.0.0                                       ,2.0.0
186 ,HIVE-12725 ,Closed   ,Fixed            ,22/Dec/15 00:09 ,"1.3.0, 2.1.0"                              ,"1.3.0, 2.0.0"
187 ,HIVE-12724 ,Closed   ,Fixed            ,21/Dec/15 23:54 ,"1.3.0, 2.0.0"                              ,"1.3.0, 2.0.0"
188 ,HIVE-12712 ,Closed   ,Fixed            ,19/Dec/15 00:32 ,"1.3.0, 2.0.0"                              ,"2.0.0, 2.1.0"
189 ,HIVE-12708 ,Closed   ,Fixed            ,18/Dec/15 18:02 ,"2.1.0, spark-branch"                       ,"1.1.0, 1.2.0, 2.0.0"
190 ,HIVE-12698 ,Closed   ,Fixed            ,17/Dec/15 01:14 ,"1.3.0, 2.0.0"                              ,"1.3.0, 2.0.0"
191 ,HIVE-12694 ,Closed   ,Fixed            ,16/Dec/15 20:11 ,2.0.0                                       ,"2.0.0, 2.1.0"
192 ,HIVE-12688 ,Closed   ,Fixed            ,16/Dec/15 05:34 ,2.0.0                                       ,"1.3.0, 2.0.0"
193 ,HIVE-12687 ,Closed   ,Fixed            ,16/Dec/15 02:42 ,2.0.0                                       ,"2.0.0, 2.1.0"
194 ,HIVE-12685 ,Closed   ,Fixed            ,16/Dec/15 00:49 ,2.0.0                                       ,"2.0.0, 2.1.0"
195 ,HIVE-12684 ,Closed   ,Fixed            ,16/Dec/15 00:06 ,"1.3.0, 2.0.0"                              ,"1.3.0, 2.0.0, 2.1.0"
196 ,HIVE-12662 ,Closed   ,Fixed            ,12/Dec/15 10:46 ,2.0.0                                       ,"2.0.0, 2.1.0"
197 ,HIVE-12657 ,Closed   ,Fixed            ,11/Dec/15 21:42 ,2.0.0                                       ,2.0.0
198 ,HIVE-12643 ,Closed   ,Fixed            ,10/Dec/15 01:23 ,2.1.0                                       ,2.0.0
199 ,HIVE-12639 ,Resolved ,Duplicate        ,09/Dec/15 21:48 ,                                            ,"2.0.0, 2.1.0"
200 ,HIVE-12633 ,Closed   ,Fixed            ,09/Dec/15 19:48 ,2.0.0                                       ,"2.0.0, 2.1.0"
201 ,HIVE-12609 ,Closed   ,Fixed            ,07/Dec/15 21:54 ,2.0.0                                       ,"2.0.0, 2.1.0"
202 ,HIVE-12603 ,Resolved ,Duplicate        ,06/Dec/15 00:07 ,                                            ,2.0.0
203 ,HIVE-12601 ,Closed   ,Fixed            ,04/Dec/15 23:56 ,2.0.0                                       ,2.0.0
204 ,HIVE-12599 ,Closed   ,Fixed            ,04/Dec/15 22:12 ,2.0.0                                       ,2.0.0
205 ,HIVE-12596 ,Closed   ,Fixed            ,04/Dec/15 20:01 ,2.0.0                                       ,2.0.0
206 ,HIVE-12590 ,Closed   ,Fixed            ,04/Dec/15 01:31 ,2.0.0                                       ,"1.0.1, 1.1.1, 1.2.1, 2.0.0"
207 ,HIVE-12584 ,Closed   ,Fixed            ,03/Dec/15 21:11 ,"1.3.0, 2.0.0"                              ,"1.3.0, 2.0.0, 2.1.0"
208 ,HIVE-12578 ,Closed   ,Fixed            ,03/Dec/15 00:01 ,2.0.0                                       ,2.0.0
209 ,HIVE-12577 ,Closed   ,Fixed            ,02/Dec/15 22:42 ,2.0.0                                       ,2.0.0
210 ,HIVE-12572 ,Resolved ,Duplicate        ,02/Dec/15 21:17 ,                                            ,2.0.0
211 ,HIVE-12569 ,Resolved ,Duplicate        ,02/Dec/15 19:05 ,                                            ,2.0.0
212 ,HIVE-12542 ,Closed   ,Fixed            ,30/Nov/15 16:51 ,2.0.0                                       ,2.0.0
213 ,HIVE-12537 ,Closed   ,Fixed            ,28/Nov/15 00:33 ,2.0.0                                       ,"0.14.0, 1.0.1, 1.1.1, 1.2.1, 1.3.0, 2.0.0"
214 ,HIVE-12532 ,Closed   ,Fixed            ,26/Nov/15 13:39 ,2.0.0                                       ,2.0.0
215 ,HIVE-12510 ,Closed   ,Implemented      ,24/Nov/15 20:40 ,2.0.0                                       ,2.0.0
216 ,HIVE-12509 ,Closed   ,Fixed            ,24/Nov/15 15:43 ,2.0.0                                       ,2.0.0
217 ,HIVE-12508 ,Closed   ,Duplicate        ,24/Nov/15 12:48 ,2.0.0                                       ,2.0.0
218 ,HIVE-12503 ,Closed   ,Fixed            ,24/Nov/15 03:05 ,2.0.0                                       ,2.0.0
219 ,HIVE-12500 ,Closed   ,Fixed            ,24/Nov/15 00:11 ,"1.3.0, 2.0.0"                              ,"1.3.0, 2.0.0"
220 ,HIVE-12498 ,Closed   ,Fixed            ,23/Nov/15 21:33 ,"1.3.0, 2.0.0"                              ,"1.3.0, 2.0.0"
221 ,HIVE-12491 ,Closed   ,Fixed            ,22/Nov/15 06:53 ,2.0.0                                       ,"1.3.0, 2.0.0"
222 ,HIVE-12490 ,Closed   ,Fixed            ,21/Nov/15 12:24 ,"1.3.0, 2.0.0"                              ,2.0.0
223 ,HIVE-12487 ,Closed   ,Fixed            ,20/Nov/15 20:09 ,2.0.0                                       ,2.0.0
224 ,HIVE-12479 ,Closed   ,Fixed            ,20/Nov/15 10:05 ,2.0.0                                       ,"1.3.0, 2.0.0"
225 ,HIVE-12478 ,Closed   ,Fixed            ,20/Nov/15 08:38 ,2.1.0                                       ,"2.0.0, 2.1.0"
226 ,HIVE-12477 ,Closed   ,Fixed            ,20/Nov/15 03:35 ,2.0.0                                       ,2.0.0
227 ,HIVE-12473 ,Closed   ,Fixed            ,19/Nov/15 23:33 ,"1.3.0, 2.0.0"                              ,"1.2.1, 1.3.0, 2.0.0"
228 ,HIVE-12472 ,Resolved ,Fixed            ,19/Nov/15 22:46 ,"1.3.0, 2.0.0"                              ,"1.3.0, 2.0.0"
229 ,HIVE-12465 ,Closed   ,Fixed            ,19/Nov/15 11:33 ,"1.3.0, 2.0.0"                              ,"1.3.0, 2.0.0"
230 ,HIVE-12463 ,Closed   ,Fixed            ,19/Nov/15 08:13 ,"1.3.0, 2.0.0"                              ,"1.2.1, 1.3.0, 2.0.0"
231 ,HIVE-12462 ,Closed   ,Invalid          ,19/Nov/15 06:24 ,2.0.0                                       ,2.0.0
232 ,HIVE-12456 ,Closed   ,Fixed            ,18/Nov/15 20:18 ,2.0.0                                       ,2.0.0
233 ,HIVE-12453 ,Resolved ,Invalid          ,18/Nov/15 05:57 ,                                            ,"1.3.0, 2.0.0"
234 ,HIVE-12452 ,Resolved ,Implemented      ,18/Nov/15 05:55 ,                                            ,2.0.0
235 ,HIVE-12451 ,Resolved ,Fixed            ,18/Nov/15 01:16 ,3.0.0                                       ,"1.3.0, 2.0.0"
236 ,HIVE-12450 ,Closed   ,Fixed            ,18/Nov/15 01:08 ,"1.3.0, 2.0.0"                              ,"1.2.0, 1.2.1, 1.3.0, 2.0.0"
237 ,HIVE-12445 ,Closed   ,Fixed            ,17/Nov/15 23:50 ,2.0.0                                       ,2.0.0
238 ,HIVE-12435 ,Closed   ,Fixed            ,17/Nov/15 16:51 ,2.0.0                                       ,2.0.0
239 ,HIVE-12407 ,Closed   ,Fixed            ,13/Nov/15 15:10 ,2.0.0                                       ,2.0.0
240 ,HIVE-12405 ,Resolved ,Fixed            ,13/Nov/15 07:11 ,                                            ,2.0.0
241 ,HIVE-12404 ,Closed   ,Duplicate        ,13/Nov/15 06:17 ,2.0.0                                       ,2.0.0
242 ,HIVE-12399 ,Closed   ,Fixed            ,12/Nov/15 22:08 ,"1.3.0, 2.0.0"                              ,2.0.0
243 ,HIVE-12396 ,Closed   ,Fixed            ,12/Nov/15 19:28 ,2.0.0                                       ,2.0.0
244 ,HIVE-12394 ,Resolved ,Not A Problem    ,12/Nov/15 18:16 ,                                            ,2.0.0
245 ,HIVE-12393 ,Resolved ,Duplicate        ,12/Nov/15 16:43 ,                                            ,2.0.0
246 ,HIVE-12391 ,Closed   ,Fixed            ,12/Nov/15 14:11 ,"1.3.0, 2.0.0"                              ,"1.3.0, 2.0.0"
247 ,HIVE-12385 ,Closed   ,Fixed            ,11/Nov/15 22:04 ,2.0.0                                       ,2.0.0
248 ,HIVE-12378 ,Closed   ,Fixed            ,10/Nov/15 20:15 ,"1.3.0, 2.0.0"                              ,"1.0.0, 1.1.0, 2.0.0"
249 ,HIVE-12364 ,Closed   ,Fixed            ,07/Nov/15 02:04 ,"1.3.0, 2.0.0"                              ,"1.3.0, 2.0.0"
250 ,HIVE-12363 ,Closed   ,Fixed            ,07/Nov/15 01:29 ,"1.3.0, 2.0.0"                              ,"1.3.0, 2.0.0"
251 ,HIVE-12349 ,Closed   ,Fixed            ,05/Nov/15 20:23 ,"1.3.0, 2.0.0"                              ,"1.2.1, 1.3.0, 2.0.0"
252 ,HIVE-12344 ,Closed   ,Fixed            ,05/Nov/15 08:14 ,"0.14.1, 1.0.2, 1.1.2, 1.2.2, 1.3.0, 2.0.0" ,"0.14.0, 1.0.0, 1.0.1, 1.1.0, 1.1.1, 1.2.0, 1.2.1, 1.3.0, 2.0.0"
253 ,HIVE-12332 ,Closed   ,Fixed            ,04/Nov/15 04:37 ,2.0.0                                       ,2.0.0
254 ,HIVE-12330 ,Closed   ,Fixed            ,04/Nov/15 01:28 ,2.0.0                                       ,2.0.0
255 ,HIVE-12315 ,Closed   ,Fixed            ,02/Nov/15 18:05 ,"1.3.0, 2.0.0"                              ,"0.14.0, 1.0.1, 1.1.1, 1.2.1, 2.0.0"
256 ,HIVE-12304 ,Closed   ,Fixed            ,30/Oct/15 17:17 ,2.0.0                                       ,2.0.0
257 ,HIVE-12302 ,Closed   ,Fixed            ,30/Oct/15 06:45 ,2.0.0                                       ,2.0.0
258 ,HIVE-12281 ,Closed   ,Fixed            ,28/Oct/15 00:48 ,2.0.0                                       ,"1.3.0, 2.0.0"
259 ,HIVE-12264 ,Resolved ,Implemented      ,26/Oct/15 06:20 ,                                            ,"1.2.0, 1.3.0, 2.0.0"
260 ,HIVE-12261 ,Closed   ,Fixed            ,25/Oct/15 05:48 ,"1.3.0, 2.0.0"                              ,"1.3.0, 2.0.0"
261 ,HIVE-12260 ,Closed   ,Fixed            ,24/Oct/15 22:18 ,2.0.0                                       ,2.0.0
262 ,HIVE-12257 ,Closed   ,Fixed            ,24/Oct/15 02:18 ,"1.3.0, 2.0.0"                              ,"1.3.0, 2.0.0"
263 ,HIVE-12246 ,Closed   ,Fixed            ,23/Oct/15 18:08 ,2.0.0                                       ,2.0.0
264 ,HIVE-12238 ,Closed   ,Fixed            ,23/Oct/15 01:10 ,2.0.0                                       ,"1.2.1, 1.3.0, 2.0.0"
265 ,HIVE-12234 ,Closed   ,Fixed            ,22/Oct/15 21:09 ,2.0.0                                       ,2.0.0
266 ,HIVE-12223 ,Closed   ,Fixed            ,21/Oct/15 17:54 ,"1.3.0, 2.0.0"                              ,"1.3.0, 2.0.0"
267 ,HIVE-12215 ,Closed   ,Fixed            ,19/Oct/15 19:24 ,"1.3.0, 2.0.0"                              ,2.0.0
268 ,HIVE-12210 ,Closed   ,Fixed            ,18/Oct/15 21:03 ,2.0.0                                       ,2.0.0
269 ,HIVE-12208 ,Closed   ,Fixed            ,18/Oct/15 07:10 ,"1.3.0, 2.0.0"                              ,2.0.0
270 ,HIVE-12207 ,Closed   ,Fixed            ,18/Oct/15 06:34 ,2.0.0                                       ,2.0.0
271 ,HIVE-12204 ,Closed   ,Fixed            ,16/Oct/15 21:09 ,"1.3.0, 2.0.0"                              ,"1.0.1, 1.2.1, 2.0.0"
272 ,HIVE-12198 ,Closed   ,Fixed            ,15/Oct/15 21:56 ,2.0.0                                       ,2.0.0
273 ,HIVE-12189 ,Closed   ,Fixed            ,15/Oct/15 18:15 ,"1.3.0, 2.0.0"                              ,"1.1.0, 2.0.0"
274 ,HIVE-12171 ,Closed   ,Fixed            ,14/Oct/15 02:54 ,2.0.0                                       ,2.0.0
275 ,HIVE-12166 ,Closed   ,Fixed            ,13/Oct/15 22:48 ,2.0.0                                       ,2.0.0
276 ,HIVE-12090 ,Closed   ,Fixed            ,12/Oct/15 08:06 ,"1.3.0, 2.0.0"                              ,"1.3.0, 2.0.0"
277 ,HIVE-12068 ,Resolved ,Cannot Reproduce ,08/Oct/15 15:29 ,                                            ,2.0.0
278 ,HIVE-12058 ,Closed   ,Fixed            ,07/Oct/15 20:44 ,"1.3.0, 2.0.0"                              ,"0.14.0, 1.1.0, 2.0.0"
279 ,HIVE-12039 ,Closed   ,Fixed            ,05/Oct/15 23:38 ,2.1.0                                       ,"1.3.0, 2.0.0"
280 ,HIVE-12021 ,Closed   ,Fixed            ,02/Oct/15 18:15 ,"1.2.2, 1.3.0, 2.0.0"                       ,"1.2.1, 1.3.0, 2.0.0"
281 ,HIVE-12008 ,Closed   ,Fixed            ,01/Oct/15 19:26 ,2.0.0                                       ,2.0.0
282 ,HIVE-11980 ,Closed   ,Fixed            ,28/Sep/15 19:47 ,2.0.0                                       ,2.0.0
283 ,HIVE-11975 ,Closed   ,Fixed            ,28/Sep/15 17:48 ,"1.2.2, 1.3.0, 2.0.0"                       ,"1.2.0, 1.3.0, 2.0.0"
284 ,HIVE-11966 ,Resolved ,Fixed            ,25/Sep/15 17:59 ,"1.3.0, 2.0.1, 2.1.0"                       ,"1.3.0, 2.0.0"
285 ,HIVE-11954 ,Closed   ,Fixed            ,24/Sep/15 22:29 ,2.0.0                                       ,2.0.0
286 ,HIVE-11945 ,Closed   ,Fixed            ,24/Sep/15 10:15 ,"1.3.0, 2.0.0"                              ,"1.3.0, 2.0.0"
287 ,HIVE-11932 ,Closed   ,Fixed            ,23/Sep/15 11:23 ,"1.3.0, 2.0.0"                              ,"1.3.0, 2.0.0"
288 ,HIVE-11928 ,Closed   ,Fixed            ,23/Sep/15 01:26 ,"1.3.0, 2.0.0"                              ,"1.3.0, 2.0.0"
289 ,HIVE-11922 ,Closed   ,Fixed            ,22/Sep/15 20:56 ,"1.3.0, 2.0.0"                              ,"1.3.0, 2.0.0"
290 ,HIVE-11889 ,Closed   ,Fixed            ,18/Sep/15 22:53 ,"1.3.0, 2.0.0"                              ,"1.3.0, 2.0.0"
291 ,HIVE-11875 ,Closed   ,Fixed            ,17/Sep/15 23:39 ,2.0.0                                       ,"1.3.0, 2.0.0"
292 ,HIVE-11863 ,Resolved ,Fixed            ,17/Sep/15 07:01 ,2.3.0                                       ,"1.3.0, 2.0.0"
293 ,HIVE-11860 ,Closed   ,Fixed            ,17/Sep/15 05:19 ,"1.3.0, 2.0.0"                              ,"1.3.0, 2.0.0"
294 ,HIVE-11847 ,Resolved ,Won't Fix        ,16/Sep/15 18:10 ,                                            ,"1.3.0, 2.0.0"
295 ,HIVE-11843 ,Closed   ,Fixed            ,16/Sep/15 15:32 ,2.0.0                                       ,2.0.0
296 ,HIVE-11842 ,Closed   ,Fixed            ,16/Sep/15 14:37 ,2.0.0                                       ,2.0.0
297 ,HIVE-11841 ,Closed   ,Fixed            ,16/Sep/15 14:13 ,"1.1.2, 1.2.2, 1.3.0, 2.0.0"                ,"0.14.0, 1.0.0, 1.0.1, 1.2.1, 1.3.0, 2.0.0"
298 ,HIVE-11838 ,Closed   ,Fixed            ,16/Sep/15 06:48 ,"1.3.0, 2.0.0"                              ,"1.3.0, 2.0.0"
299 ,HIVE-11835 ,Closed   ,Fixed            ,16/Sep/15 00:16 ,"1.3.0, 2.0.0"                              ,"1.1.0, 1.2.0, 2.0.0"
300 ,HIVE-11832 ,Closed   ,Fixed            ,15/Sep/15 21:17 ,"1.2.2, 1.3.0, 2.0.0"                       ,"1.3.0, 2.0.0"
301 ,HIVE-11826 ,Closed   ,Fixed            ,15/Sep/15 15:07 ,"1.3.0, 2.0.0"                              ,2.0.0
302 ,HIVE-11824 ,Closed   ,Fixed            ,15/Sep/15 07:07 ,"1.3.0, 2.0.0"                              ,"1.3.0, 2.0.0"
303 ,HIVE-11821 ,Closed   ,Fixed            ,14/Sep/15 23:30 ,"1.3.0, 2.0.0"                              ,"1.3.0, 2.0.0"
304 ,HIVE-11820 ,Closed   ,Fixed            ,14/Sep/15 22:20 ,2.0.0                                       ,2.0.0
305 ,HIVE-11813 ,Closed   ,Fixed            ,14/Sep/15 15:45 ,2.0.0                                       ,2.0.0
306 ,HIVE-11801 ,Closed   ,Duplicate        ,11/Sep/15 18:21 ,2.0.0                                       ,"0.14.0, 1.1.0, 1.2.0, 2.0.0"
307 ,HIVE-11795 ,Resolved ,Won't Fix        ,11/Sep/15 03:07 ,1.2.1                                       ,"1.2.1, 2.0.0"
308 ,HIVE-11792 ,Closed   ,Fixed            ,10/Sep/15 22:33 ,2.0.0                                       ,2.0.0
309 ,HIVE-11781 ,Closed   ,Fixed            ,10/Sep/15 09:11 ,2.0.0                                       ,2.0.0
310 ,HIVE-11761 ,Closed   ,Fixed            ,08/Sep/15 18:23 ,"1.3.0, 2.0.0"                              ,"1.2.0, 2.0.0"
311 ,HIVE-11751 ,Closed   ,Fixed            ,07/Sep/15 22:59 ,2.0.0                                       ,2.0.0
312 ,HIVE-11745 ,Closed   ,Fixed            ,04/Sep/15 22:35 ,"1.2.2, 1.3.0, 2.0.0"                       ,"1.1.0, 1.2.0, 2.0.0"
313 ,HIVE-11726 ,Closed   ,Fixed            ,03/Sep/15 16:50 ,2.0.0                                       ,2.0.0
314 ,HIVE-11723 ,Closed   ,Fixed            ,03/Sep/15 02:58 ,2.0.0                                       ,"1.1.1, 1.2.0, 2.0.0"
315 ,HIVE-11721 ,Closed   ,Fixed            ,02/Sep/15 20:37 ,2.0.0                                       ,"1.1.0, 1.2.1, 2.0.0"
316 ,HIVE-11710 ,Closed   ,Fixed            ,01/Sep/15 19:12 ,2.0.0                                       ,2.0.0
317 ,HIVE-11705 ,Closed   ,Fixed            ,01/Sep/15 01:45 ,2.0.0                                       ,2.0.0
318 ,HIVE-11698 ,Closed   ,Fixed            ,31/Aug/15 17:57 ,2.0.0                                       ,2.0.0
319 ,HIVE-11696 ,Closed   ,Fixed            ,31/Aug/15 15:03 ,"1.3.0, 2.0.0"                              ,"1.2.0, 2.0.0"
320 ,HIVE-11669 ,Closed   ,Fixed            ,27/Aug/15 19:34 ,"1.3.0, 2.0.0"                              ,"1.3.0, 2.0.0"
321 ,HIVE-11658 ,Closed   ,Fixed            ,26/Aug/15 22:13 ,"1.3.0, 2.0.0"                              ,"1.3.0, 2.0.0"
322 ,HIVE-11652 ,Closed   ,Fixed            ,26/Aug/15 12:08 ,"1.3.0, 2.0.0"                              ,"1.3.0, 2.0.0"
323 ,HIVE-11604 ,Closed   ,Fixed            ,19/Aug/15 13:40 ,2.0.0                                       ,"1.1.0, 1.2.0, 2.0.0"
324 ,HIVE-11602 ,Closed   ,Fixed            ,19/Aug/15 09:31 ,2.0.0                                       ,2.0.0
325 ,HIVE-11596 ,Closed   ,Fixed            ,18/Aug/15 19:48 ,"1.3.0, 2.0.0"                              ,2.0.0
326 ,HIVE-11594 ,Closed   ,Fixed            ,18/Aug/15 08:43 ,"1.3.0, 2.0.0"                              ,"1.3.0, 2.0.0"
327 ,HIVE-11592 ,Closed   ,Fixed            ,18/Aug/15 00:48 ,"1.3.0, 2.0.0"                              ,"1.3.0, 2.0.0"
328 ,HIVE-11590 ,Closed   ,Fixed            ,17/Aug/15 22:52 ,2.0.0                                       ,2.0.0
329 ,HIVE-11581 ,Closed   ,Fixed            ,17/Aug/15 18:10 ,"1.3.0, 2.0.0"                              ,"1.3.0, 2.0.0"
330 ,HIVE-11578 ,Closed   ,Fixed            ,17/Aug/15 02:04 ,"1.3.0, 2.0.0"                              ,"1.3.0, 2.0.0"
331 ,HIVE-11573 ,Closed   ,Fixed            ,15/Aug/15 06:16 ,2.0.0                                       ,2.0.0
332 ,HIVE-11556 ,Closed   ,Fixed            ,14/Aug/15 09:58 ,"1.3.0, 2.0.0"                              ,"1.3.0, 2.0.0"
333 ,HIVE-11546 ,Closed   ,Fixed            ,13/Aug/15 07:18 ,"1.3.0, 2.0.0"                              ,"1.3.0, 2.0.0"
334 ,HIVE-11541 ,Closed   ,Fixed            ,12/Aug/15 23:14 ,"1.3.0, 2.0.0"                              ,"1.3.0, 2.0.0"
335 ,HIVE-11511 ,Closed   ,Fixed            ,10/Aug/15 14:08 ,"1.3.0, 2.0.0"                              ,2.0.0
336 ,HIVE-11498 ,Closed   ,Fixed            ,07/Aug/15 05:03 ,"1.2.1, 1.3.0, 2.0.0"                       ,"1.2.0, 1.3.0, 2.0.0"
337 ,HIVE-11497 ,Closed   ,Fixed            ,07/Aug/15 00:59 ,"1.3.0, 2.0.0"                              ,"1.0.0, 1.3.0, 2.0.0"
338 ,HIVE-11493 ,Closed   ,Fixed            ,06/Aug/15 20:29 ,2.0.0                                       ,"0.14.0, 1.0.0, 1.2.0, 1.2.1, 2.0.0"
339 ,HIVE-11476 ,Closed   ,Fixed            ,05/Aug/15 22:25 ,"1.3.0, 2.0.0"                              ,"1.3.0, 2.0.0"
340 ,HIVE-11472 ,Closed   ,Fixed            ,05/Aug/15 20:32 ,"1.3.0, 2.0.0"                              ,"1.3.0, 2.0.0"
341 ,HIVE-11468 ,Closed   ,Fixed            ,05/Aug/15 18:19 ,"1.3.0, 2.0.0"                              ,"1.3.0, 2.0.0"
342 ,HIVE-11462 ,Closed   ,Fixed            ,05/Aug/15 04:38 ,"1.3.0, 2.0.0"                              ,"1.3.0, 2.0.0"
343 ,HIVE-11452 ,Closed   ,Fixed            ,04/Aug/15 08:25 ,2.0.0                                       ,2.0.0
344 ,HIVE-11451 ,Closed   ,Fixed            ,04/Aug/15 07:58 ,2.0.0                                       ,2.0.0
345 ,HIVE-11446 ,Resolved ,Cannot Reproduce ,03/Aug/15 21:07 ,                                            ,2.0.0
346 ,HIVE-11434 ,Closed   ,Fixed            ,01/Aug/15 13:32 ,"1.3.0, 2.0.0"                              ,2.0.0
347 ,HIVE-11433 ,Closed   ,Fixed            ,01/Aug/15 06:30 ,"1.3.0, 2.0.0"                              ,"1.1.0, 1.2.0, 2.0.0"
348 ,HIVE-11430 ,Closed   ,Fixed            ,31/Jul/15 22:59 ,"1.3.0, 2.0.0"                              ,2.0.0
349 ,HIVE-11428 ,Closed   ,Fixed            ,31/Jul/15 21:36 ,"1.3.0, 2.0.0"                              ,"1.3.0, 2.0.0"
350 ,HIVE-11425 ,Closed   ,Fixed            ,31/Jul/15 17:50 ,2.0.0                                       ,2.0.0
351 ,HIVE-11423 ,Resolved ,Duplicate        ,31/Jul/15 04:12 ,                                            ,2.0.0
352 ,HIVE-11413 ,Closed   ,Fixed            ,30/Jul/15 19:02 ,2.0.0                                       ,2.0.0
353 ,HIVE-11406 ,Closed   ,Fixed            ,29/Jul/15 23:39 ,"1.3.0, 2.0.0"                              ,"1.3.0, 2.0.0"
354 ,HIVE-11397 ,Closed   ,Fixed            ,29/Jul/15 02:39 ,"1.3.0, 2.0.0"                              ,"1.3.0, 2.0.0"
355 ,HIVE-11375 ,Closed   ,Fixed            ,27/Jul/15 09:50 ,2.0.0                                       ,2.0.0
356 ,HIVE-11332 ,Resolved ,Duplicate        ,21/Jul/15 23:06 ,                                            ,"0.13.1, 1.1.0, 2.0.0"
357 ,HIVE-11312 ,Closed   ,Fixed            ,19/Jul/15 23:13 ,2.0.0                                       ,"1.2.0, 1.2.1, 1.3.0, 2.0.0"
358 ,HIVE-11303 ,Closed   ,Fixed            ,18/Jul/15 01:31 ,"1.3.0, 2.0.0"                              ,"1.2.0, 1.3.0, 2.0.0"
359 ,HIVE-11293 ,Closed   ,Fixed            ,17/Jul/15 18:45 ,2.0.0                                       ,2.0.0
360 ,HIVE-11284 ,Closed   ,Fixed            ,16/Jul/15 20:13 ,2.0.0                                       ,2.0.0
361 ,HIVE-11258 ,Closed   ,Fixed            ,14/Jul/15 19:14 ,"1.3.0, 2.0.0"                              ,2.0.0
362 ,HIVE-11255 ,Closed   ,Fixed            ,14/Jul/15 15:39 ,"1.3.0, 2.0.0"                              ,2.0.0
363 ,HIVE-11237 ,Resolved ,Duplicate        ,13/Jul/15 16:30 ,                                            ,2.0.0
364 ,HIVE-11230 ,Closed   ,Fixed            ,10/Jul/15 17:01 ,2.0.0                                       ,2.0.0
365 ,HIVE-11229 ,Closed   ,Fixed            ,10/Jul/15 14:24 ,2.0.0                                       ,2.0.0
366 ,HIVE-11228 ,Closed   ,Fixed            ,10/Jul/15 13:59 ,2.0.0                                       ,2.0.0
367 ,HIVE-11221 ,Closed   ,Fixed            ,09/Jul/15 21:10 ,"1.3.0, 2.0.0"                              ,"1.3.0, 2.0.0"
368 ,HIVE-11215 ,Closed   ,Fixed            ,09/Jul/15 07:20 ,"1.3.0, 2.0.0"                              ,"1.2.0, 1.3.0, 2.0.0"
369 ,HIVE-11202 ,Closed   ,Fixed            ,08/Jul/15 06:38 ,2.0.0                                       ,2.0.0
370 ,HIVE-11198 ,Closed   ,Fixed            ,08/Jul/15 01:06 ,"1.3.0, 2.0.0"                              ,"1.3.0, 2.0.0"
371 ,HIVE-11194 ,Closed   ,Fixed            ,07/Jul/15 21:15 ,"1.3.0, 2.0.0"                              ,2.0.0
372 ,HIVE-11165 ,Resolved ,Cannot Reproduce ,02/Jul/15 04:12 ,                                            ,2.0.0
373 ,HIVE-11157 ,Closed   ,Fixed            ,01/Jul/15 02:59 ,"1.3.0, 2.0.0"                              ,"1.3.0, 2.0.0"
374 ,HIVE-11135 ,Closed   ,Fixed            ,27/Jun/15 16:21 ,2.0.0                                       ,2.0.0
375 ,HIVE-11122 ,Closed   ,Fixed            ,26/Jun/15 02:57 ,"1.3.0, 2.0.0"                              ,"1.3.0, 2.0.0"
376 ,HIVE-11120 ,Closed   ,Fixed            ,26/Jun/15 02:42 ,"1.3.0, 2.0.0"                              ,"1.3.0, 2.0.0"
377 ,HIVE-11118 ,Closed   ,Fixed            ,26/Jun/15 00:10 ,"1.3.0, 2.0.0"                              ,"1.3.0, 2.0.0"
378 ,HIVE-11102 ,Closed   ,Fixed            ,24/Jun/15 22:54 ,"1.2.1, 1.3.0, 2.0.0"                       ,"1.2.1, 1.3.0, 2.0.0"
379 ,HIVE-11058 ,Resolved ,Won't Fix        ,19/Jun/15 19:50 ,                                            ,"1.2.0, 2.0.0"
380 ,HIVE-11051 ,Closed   ,Fixed            ,19/Jun/15 01:28 ,"1.3.0, 2.0.0"                              ,"1.2.0, 2.0.0"
381 ,HIVE-11043 ,Closed   ,Fixed            ,18/Jun/15 16:45 ,2.0.0                                       ,2.0.0
382 ,HIVE-11038 ,Resolved ,Done             ,17/Jun/15 21:36 ,                                            ,2.0.0
383 ,HIVE-11035 ,Resolved ,Fixed            ,17/Jun/15 15:56 ,1.2.1                                       ,"0.14.0, 1.0.0, 1.1.0, 1.2.0, 1.3.0, 2.0.0"
384 ,HIVE-11031 ,Resolved ,Fixed            ,17/Jun/15 00:14 ,1.2.1                                       ,"0.13.0, 0.14.0, 1.0.0, 1.1.0, 1.2.0, 2.0.0"
385 ,HIVE-11023 ,Resolved ,Fixed            ,16/Jun/15 16:26 ,1.2.1                                       ,"1.2.1, 1.3.0, 2.0.0"
386 ,HIVE-11021 ,Resolved ,Duplicate        ,16/Jun/15 14:20 ,                                            ,2.0.0
387 ,HIVE-10996 ,Closed   ,Fixed            ,13/Jun/15 00:46 ,"1.1.1, 1.2.2, 2.0.0"                       ,"1.1.0, 1.2.0, 1.3.0, 2.0.0"
388 ,HIVE-10974 ,Closed   ,Fixed            ,09/Jun/15 21:03 ,2.0.0                                       ,2.0.0
389 ,HIVE-10972 ,Closed   ,Fixed            ,09/Jun/15 20:37 ,"1.3.0, 2.0.0"                              ,2.0.0
390 ,HIVE-10707 ,Closed   ,Fixed            ,14/May/15 06:18 ,"1.3.0, 2.0.0"                              ,2.0.0
391 ,HIVE-10651 ,Closed   ,Fixed            ,07/May/15 22:01 ,"1.3.0, 2.0.0"                              ,"1.3.0, 2.0.0"
392 ,HIVE-10233 ,Resolved ,Fixed            ,07/Apr/15 00:14 ,1.3.0                                       ,"2.0.0, llap"
393 ,HIVE-10021 ,Closed   ,Fixed            ,19/Mar/15 19:55 ,"1.3.0, 2.0.0"                              ,"0.13.1, 2.0.0"
394 ,HIVE-9499  ,Closed   ,Fixed            ,28/Jan/15 16:45 ,"2.0.1, 2.1.0"                              ,"0.14.0, 1.0.0, 1.1.0, 1.2.0, 2.0.0"
395 ,HIVE-7428  ,Resolved ,Duplicate        ,16/Jul/14 17:44 ,                                            ,"1.2.0, 1.3.0, 2.0.0"
396 ,HIVE-4413  ,Resolved ,Not A Problem    ,24/Apr/13 11:43 ,                                            ,"0.10.0, 0.14.0, 1.2.0, 1.2.1, 2.0.0"
397 ,HIVE-4243  ,Closed   ,Fixed            ,28/Mar/13 15:02 ,2.0.0                                       ,"1.3.0, 2.0.0"
398 ,HIVE-1863  ,Closed   ,Duplicate        ,23/Dec/10 04:02 ,0.7.0                                       ,2.0.0
